<?xml version="1.0" encoding="UTF-8"?><idempiere Name="AD_SearchDefinition" Version="1.0.0" idempiereVersion="13.0.0.qualifier" DataBaseVersion="2024-12-24" Description="" Author="SuperUser" AuthorEmail="superuser @ idempiere.com" CreatedDate="Wed Jan 14 16:40:12 MYT 2026" UpdatedDate="Wed Jan 14 16:40:12 MYT 2026" PackOutVersion="100" UpdateDictionary="false" Client="0-SYSTEM-System" AD_Client_UU="11237b53-9592-4af1-b3c5-afd216514b5d">
    <AD_SearchDefinition type="table">
        <AD_Client_ID>0</AD_Client_ID>
        <AD_Org_ID>0</AD_Org_ID>
        <AD_Column_ID reference="id"/>
        <AD_Table_ID reference="id" reference-key="AD_Table">116</AD_Table_ID>
        <AD_Window_ID reference="id" reference-key="AD_Window">105</AD_Window_ID>
        <DataType>S</DataType>
        <Description/>
        <IsActive>Y</IsActive>
        <Name>Menu Hybrid Search</Name>
        <Query>IsSummary='N' AND IsActive='Y'</Query>
        <SearchType>HybridSearch</SearchType>
        <TransactionCode>MM</TransactionCode>
        <PO_Window_ID reference="id"/>
        <IsDefault>N</IsDefault>
        <AD_SearchDefinition_UU>019bb0a6-c596-7915-b1ee-4036fdbb14ee</AD_SearchDefinition_UU>
        <EntityType>U</EntityType>
        <AD_Message_ID reference="id"/>
        <AD_Style_ID reference="id"/>
        <HYS_SearchColumn type="table">
            <AD_Client_ID>0</AD_Client_ID>
            <AD_Org_ID>0</AD_Org_ID>
            <IsActive>Y</IsActive>
            <HYS_SearchColumn_UU>019bb0a7-052e-7199-97f6-91f7312b4fbe</HYS_SearchColumn_UU>
            <AD_SearchDefinition_ID reference="uuid" reference-key="AD_SearchDefinition">019bb0a6-c596-7915-b1ee-4036fdbb14ee</AD_SearchDefinition_ID>
            <AD_Column_ID reference="id" reference-key="AD_Column">229</AD_Column_ID>
            <ColumnSQL/>
            <HYS_SearchWeight>A</HYS_SearchWeight>
        </HYS_SearchColumn>
        <HYS_SearchColumn type="table">
            <AD_Client_ID>0</AD_Client_ID>
            <AD_Org_ID>0</AD_Org_ID>
            <IsActive>Y</IsActive>
            <HYS_SearchColumn_UU>019bb0a7-3560-7f7f-a286-3eb712d739a1</HYS_SearchColumn_UU>
            <AD_SearchDefinition_ID reference="uuid" reference-key="AD_SearchDefinition">019bb0a6-c596-7915-b1ee-4036fdbb14ee</AD_SearchDefinition_ID>
            <AD_Column_ID reference="id" reference-key="AD_Column">232</AD_Column_ID>
            <ColumnSQL/>
            <HYS_SearchWeight>B</HYS_SearchWeight>
        </HYS_SearchColumn>
        <HYS_SearchColumn type="table">
            <AD_Client_ID>0</AD_Client_ID>
            <AD_Org_ID>0</AD_Org_ID>
            <IsActive>Y</IsActive>
            <HYS_SearchColumn_UU>019bb0aa-5b50-7c1e-ac34-9f8ebc220696</HYS_SearchColumn_UU>
            <AD_SearchDefinition_ID reference="uuid" reference-key="AD_SearchDefinition">019bb0a6-c596-7915-b1ee-4036fdbb14ee</AD_SearchDefinition_ID>
            <AD_Column_ID reference="id" reference-key="AD_Column">233</AD_Column_ID>
            <ColumnSQL>SELECT COALESCE(b.help, a.help)  as "Help"
FROM (
    SELECT * FROM AD_Window
    WHERE AD_Window_ID = ?
) a 
LEFT OUTER JOIN AD_Window_Trl b 
    ON (a.AD_Window_ID = b.AD_Window_ID AND b.AD_Language = ?)
</ColumnSQL>
            <HYS_SearchWeight>B</HYS_SearchWeight>
        </HYS_SearchColumn>
        <HYS_SearchColumn type="table">
            <AD_Client_ID>0</AD_Client_ID>
            <AD_Org_ID>0</AD_Org_ID>
            <IsActive>Y</IsActive>
            <HYS_SearchColumn_UU>019bb0a9-e7e1-7845-9c60-23f91d5b9f50</HYS_SearchColumn_UU>
            <AD_SearchDefinition_ID reference="uuid" reference-key="AD_SearchDefinition">019bb0a6-c596-7915-b1ee-4036fdbb14ee</AD_SearchDefinition_ID>
            <AD_Column_ID reference="id" reference-key="AD_Column">3375</AD_Column_ID>
            <ColumnSQL>SELECT COALESCE(b.help, a.help)  as "Help"
FROM (
    SELECT * FROM AD_Process
    WHERE AD_Process_ID = ?
) a 
LEFT OUTER JOIN AD_Process_Trl b 
    ON (a.AD_Process_ID = b.AD_Process_ID AND b.AD_Language = ?)
</ColumnSQL>
            <HYS_SearchWeight>B</HYS_SearchWeight>
        </HYS_SearchColumn>
        <HYS_SearchColumn type="table">
            <AD_Client_ID>0</AD_Client_ID>
            <AD_Org_ID>0</AD_Org_ID>
            <IsActive>Y</IsActive>
            <HYS_SearchColumn_UU>019bb0a8-e42f-70af-8fa2-5fa61925bd8c</HYS_SearchColumn_UU>
            <AD_SearchDefinition_ID reference="uuid" reference-key="AD_SearchDefinition">019bb0a6-c596-7915-b1ee-4036fdbb14ee</AD_SearchDefinition_ID>
            <AD_Column_ID reference="id" reference-key="AD_Column">4621</AD_Column_ID>
            <ColumnSQL>SELECT COALESCE(b.help, a.help) as "Help"
FROM (
    SELECT * FROM AD_Form
    WHERE AD_Form_ID = ?
) a 
LEFT OUTER JOIN AD_Form_Trl b 
    ON (a.AD_Form_ID = b.AD_Form_ID AND b.AD_Language = ?)

	</ColumnSQL>
            <HYS_SearchWeight>B</HYS_SearchWeight>
        </HYS_SearchColumn>
        <HYS_SearchColumn type="table">
            <AD_Client_ID>0</AD_Client_ID>
            <AD_Org_ID>0</AD_Org_ID>
            <IsActive>Y</IsActive>
            <HYS_SearchColumn_UU>019bb0a9-7239-7ece-95d1-92dc47463e3e</HYS_SearchColumn_UU>
            <AD_SearchDefinition_ID reference="uuid" reference-key="AD_SearchDefinition">019bb0a6-c596-7915-b1ee-4036fdbb14ee</AD_SearchDefinition_ID>
            <AD_Column_ID reference="id" reference-key="AD_Column">208365</AD_Column_ID>
            <ColumnSQL>SELECT COALESCE(b.help, a.help)  as "Help"
FROM (
    SELECT * FROM AD_InfoWindow
    WHERE AD_InfoWindow_ID = ?
) a 
LEFT OUTER JOIN AD_InfoWindow_Trl b 
    ON (a.AD_InfoWindow_ID = b.AD_InfoWindow_ID AND b.AD_Language = ?)
</ColumnSQL>
            <HYS_SearchWeight>B</HYS_SearchWeight>
        </HYS_SearchColumn>
    </AD_SearchDefinition>
</idempiere>
