<?xml version="1.0" encoding="UTF-8"?><idempiere Name="AD_SearchDefinition" Version="1.0.0" idempiereVersion="13.0.0.qualifier" DataBaseVersion="2024-12-24" Description="" Author="SuperUser" AuthorEmail="superuser @ idempiere.com" CreatedDate="Wed Jan 14 16:40:21 MYT 2026" UpdatedDate="Wed Jan 14 16:40:21 MYT 2026" PackOutVersion="100" UpdateDictionary="false" Client="0-SYSTEM-System" AD_Client_UU="11237b53-9592-4af1-b3c5-afd216514b5d">
    <AD_SearchDefinition type="table">
        <AD_Client_ID>0</AD_Client_ID>
        <AD_Org_ID>0</AD_Org_ID>
        <AD_Column_ID reference="id"/>
        <AD_Table_ID reference="id" reference-key="AD_Table">291</AD_Table_ID>
        <AD_Window_ID reference="id" reference-key="AD_Window">123</AD_Window_ID>
        <DataType>S</DataType>
        <Description/>
        <IsActive>Y</IsActive>
        <Name>Business Partner Hybrid Search</Name>
        <Query>IsActive='Y' AND IsSummary='N'</Query>
        <SearchType>HybridSearch</SearchType>
        <TransactionCode>BS</TransactionCode>
        <PO_Window_ID reference="id"/>
        <IsDefault>N</IsDefault>
        <AD_SearchDefinition_UU>019bbaf7-bdcd-7fbb-83dc-c30d577b15e2</AD_SearchDefinition_UU>
        <EntityType>U</EntityType>
        <AD_Message_ID reference="id"/>
        <AD_Style_ID reference="id"/>
        <HYS_SearchColumn type="table">
            <AD_Client_ID>0</AD_Client_ID>
            <AD_Org_ID>0</AD_Org_ID>
            <IsActive>Y</IsActive>
            <HYS_SearchColumn_UU>019bbb03-ad06-777d-ad1e-b3db5c94b15d</HYS_SearchColumn_UU>
            <AD_SearchDefinition_ID reference="uuid" reference-key="AD_SearchDefinition">019bbaf7-bdcd-7fbb-83dc-c30d577b15e2</AD_SearchDefinition_ID>
            <AD_Column_ID reference="id" reference-key="AD_Column">2893</AD_Column_ID>
            <ColumnSQL>SELECT concat_ws(', ', loc.address1, loc.address2, loc.address3, loc.postal, Coalesce(c.Name, loc.City), Coalesce(r.Name, loc.RegionName), cc.Name) as "Address"
FROM C_BPartner_Location bpl
INNER JOIN C_Location loc USING (C_Location_ID)
LEFT OUTER JOIN C_Region r ON (loc.C_Region_ID=r.C_Region_ID)
LEFT OUTER JOIN C_City c ON (loc.C_City_ID=c.C_City_ID)
INNER JOIN C_Country cc ON (loc.C_Country_ID=cc.C_Country_ID)
WHERE bpl.C_BPartner_ID=? AND bpl.IsActive='Y'</ColumnSQL>
            <HYS_SearchWeight>C</HYS_SearchWeight>
        </HYS_SearchColumn>
        <HYS_SearchColumn type="table">
            <AD_Client_ID>0</AD_Client_ID>
            <AD_Org_ID>0</AD_Org_ID>
            <IsActive>Y</IsActive>
            <HYS_SearchColumn_UU>019bbaf7-f91f-77c5-a058-516573265bb6</HYS_SearchColumn_UU>
            <AD_SearchDefinition_ID reference="uuid" reference-key="AD_SearchDefinition">019bbaf7-bdcd-7fbb-83dc-c30d577b15e2</AD_SearchDefinition_ID>
            <AD_Column_ID reference="id" reference-key="AD_Column">2901</AD_Column_ID>
            <ColumnSQL/>
            <HYS_SearchWeight>A</HYS_SearchWeight>
        </HYS_SearchColumn>
        <HYS_SearchColumn type="table">
            <AD_Client_ID>0</AD_Client_ID>
            <AD_Org_ID>0</AD_Org_ID>
            <IsActive>Y</IsActive>
            <HYS_SearchColumn_UU>019bbaf8-1c59-7306-a071-26e79c1e92bc</HYS_SearchColumn_UU>
            <AD_SearchDefinition_ID reference="uuid" reference-key="AD_SearchDefinition">019bbaf7-bdcd-7fbb-83dc-c30d577b15e2</AD_SearchDefinition_ID>
            <AD_Column_ID reference="id" reference-key="AD_Column">2902</AD_Column_ID>
            <ColumnSQL/>
            <HYS_SearchWeight>B</HYS_SearchWeight>
        </HYS_SearchColumn>
        <HYS_SearchColumn type="table">
            <AD_Client_ID>0</AD_Client_ID>
            <AD_Org_ID>0</AD_Org_ID>
            <IsActive>Y</IsActive>
            <HYS_SearchColumn_UU>019bbaf8-4471-7bd7-9393-fc873c50ab4d</HYS_SearchColumn_UU>
            <AD_SearchDefinition_ID reference="uuid" reference-key="AD_SearchDefinition">019bbaf7-bdcd-7fbb-83dc-c30d577b15e2</AD_SearchDefinition_ID>
            <AD_Column_ID reference="id" reference-key="AD_Column">2903</AD_Column_ID>
            <ColumnSQL/>
            <HYS_SearchWeight>B</HYS_SearchWeight>
        </HYS_SearchColumn>
    </AD_SearchDefinition>
</idempiere>
